{"cameraMode":{"drawMode":0,"name":"Shaded","section":"Shading Mode"},"sceneLighting":false,"audioPlay":false,"sceneViewState":{"showFog":true,"showMaterialUpdate":false,"showSkybox":false,"showFlares":true,"showImageEffects":true,"showParticleSystems":true},"in2DMode":false,"pivot":{"x":1.2353270053863526,"y":0.23627960681915284,"z":-2.746669292449951},"rotation":{"x":-0.04082750901579857,"y":-0.9591200351715088,"z":0.2035273164510727,"w":-0.1924305409193039},"size":3.7853879928588869,"orthographic":false}