{"cameraMode":{"drawMode":0,"name":"Shaded","section":"Shading Mode"},"sceneLighting":true,"audioPlay":false,"sceneViewState":{"showFog":true,"showMaterialUpdate":false,"showSkybox":true,"showFlares":true,"showImageEffects":true,"showParticleSystems":true},"in2DMode":false,"pivot":{"x":-3.5225744247436525,"y":-9.7939453125,"z":15.576053619384766},"rotation":{"x":0.2864888906478882,"y":0.06952650845050812,"z":-0.0211075097322464,"w":0.9555889368057251},"size":62.49537658691406,"orthographic":false}