{"cameraMode":{"drawMode":0,"name":"Shaded","section":"Shading Mode"},"sceneLighting":true,"audioPlay":false,"sceneViewState":{"showFog":true,"showMaterialUpdate":false,"showSkybox":true,"showFlares":true,"showImageEffects":true,"showParticleSystems":true},"in2DMode":false,"pivot":{"x":-16.133756637573243,"y":1.3983134031295777,"z":-14.650823593139649},"rotation":{"x":0.25921332836151125,"y":0.2506190538406372,"z":-0.07011394202709198,"w":0.9303695559501648},"size":62.49537658691406,"orthographic":false}