{"cameraMode":{"drawMode":0,"name":"Shaded","section":"Shading Mode"},"sceneLighting":true,"audioPlay":false,"sceneViewState":{"showFog":true,"showMaterialUpdate":false,"showSkybox":true,"showFlares":true,"showImageEffects":true,"showParticleSystems":true},"in2DMode":false,"pivot":{"x":14.27843189239502,"y":1.8901047706604005,"z":-16.77641487121582},"rotation":{"x":-0.22243304550647736,"y":0.20441921055316926,"z":-0.047744035720825198,"w":-0.9521142244338989},"size":5.2010393142700199,"orthographic":false}