{"cameraMode":{"drawMode":0,"name":"Shaded","section":"Shading Mode"},"sceneLighting":true,"audioPlay":false,"sceneViewState":{"showFog":true,"showMaterialUpdate":false,"showSkybox":true,"showFlares":true,"showImageEffects":true,"showParticleSystems":true},"in2DMode":false,"pivot":{"x":-2.323131561279297,"y":14.427572250366211,"z":-6.757308006286621},"rotation":{"x":-0.036200519651174548,"y":-0.2869877517223358,"z":0.010847996920347214,"w":-0.9571947455406189},"size":12.164863586425782,"orthographic":false}