{"cameraMode":{"drawMode":0,"name":"Shaded","section":"Shading Mode"},"sceneLighting":true,"audioPlay":false,"sceneViewState":{"showFog":true,"showMaterialUpdate":false,"showSkybox":true,"showFlares":true,"showImageEffects":true,"showParticleSystems":true},"in2DMode":false,"pivot":{"x":-33.092655181884769,"y":26.49980926513672,"z":14.12277603149414},"rotation":{"x":-0.1635538637638092,"y":-0.4311513602733612,"z":-0.07979349792003632,"w":0.8837382793426514},"size":12.164863586425782,"orthographic":false}