{"cameraMode":{"drawMode":0,"name":"Shaded","section":"Shading Mode"},"sceneLighting":true,"audioPlay":false,"sceneViewState":{"showFog":true,"showMaterialUpdate":false,"showSkybox":true,"showFlares":true,"showImageEffects":true,"showParticleSystems":true},"in2DMode":false,"pivot":{"x":-5.568650245666504,"y":1.491860032081604,"z":3.1402347087860109},"rotation":{"x":-0.20372246205806733,"y":0.180631622672081,"z":-0.03827649727463722,"w":-0.9614657163619995},"size":12.164863586425782,"orthographic":false}