{"cameraMode":{"drawMode":0,"name":"Shaded","section":"Shading Mode"},"sceneLighting":false,"audioPlay":false,"sceneViewState":{"showFog":true,"showMaterialUpdate":false,"showSkybox":false,"showFlares":true,"showImageEffects":true,"showParticleSystems":true},"in2DMode":false,"pivot":{"x":-0.21546462178230287,"y":-0.2400265634059906,"z":1.6096019744873047},"rotation":{"x":0.12816649675369264,"y":-0.5779243111610413,"z":0.09246798604726792,"w":0.8007000088691711},"size":5.657078266143799,"orthographic":false}