{"cameraMode":{"drawMode":0,"name":"Shaded","section":"Shading Mode"},"sceneLighting":true,"audioPlay":false,"sceneViewState":{"showFog":true,"showMaterialUpdate":false,"showSkybox":true,"showFlares":true,"showImageEffects":true,"showParticleSystems":true},"in2DMode":false,"pivot":{"x":1608.2308349609375,"y":1028.0384521484375,"z":0.0},"rotation":{"x":-0.05722583457827568,"y":-0.8832406401634216,"z":-0.11188113689422608,"w":0.4517677426338196},"size":707.0014038085938,"orthographic":false}