{"cameraMode":{"drawMode":0,"name":"Shaded","section":"Shading Mode"},"sceneLighting":true,"audioPlay":false,"sceneViewState":{"showFog":true,"showMaterialUpdate":false,"showSkybox":true,"showFlares":true,"showImageEffects":true,"showParticleSystems":true},"in2DMode":false,"pivot":{"x":-4.767389297485352,"y":10.705061912536621,"z":-11.716899871826172},"rotation":{"x":0.3565910756587982,"y":0.090459905564785,"z":-0.03478279709815979,"w":0.9295929670333862},"size":35.64859390258789,"orthographic":false}