{"cameraMode":{"drawMode":0,"name":"Shaded","section":"Shading Mode"},"sceneLighting":false,"audioPlay":false,"sceneViewState":{"showFog":true,"showMaterialUpdate":false,"showSkybox":false,"showFlares":true,"showImageEffects":true,"showParticleSystems":true},"in2DMode":false,"pivot":{"x":0.0005489625036716461,"y":-0.025739027187228204,"z":0.0},"rotation":{"x":0.2096257507801056,"y":-0.0079193115234375,"z":0.0017016343772411347,"w":0.9777536988258362},"size":0.12146002054214478,"orthographic":false}