{"cameraMode":{"drawMode":0,"name":"Shaded","section":"Shading Mode"},"sceneLighting":true,"audioPlay":false,"sceneViewState":{"showFog":true,"showMaterialUpdate":false,"showSkybox":true,"showFlares":true,"showImageEffects":true,"showParticleSystems":true},"in2DMode":false,"pivot":{"x":-9.920000076293946,"y":0.17399999499320985,"z":-18.06999969482422},"rotation":{"x":-0.24243998527526856,"y":0.23945142328739167,"z":-0.0619707889854908,"w":-0.9381986260414124},"size":3.4275479316711427,"orthographic":false}