{"cameraMode":{"drawMode":0,"name":"Shaded","section":"Shading Mode"},"sceneLighting":true,"audioPlay":false,"sceneViewState":{"showFog":true,"showMaterialUpdate":false,"showSkybox":true,"showFlares":true,"showImageEffects":true,"showParticleSystems":true},"in2DMode":false,"pivot":{"x":27.78568458557129,"y":1.9228538274765015,"z":2.754441261291504},"rotation":{"x":0.07739681005477905,"y":0.7584593296051025,"z":-0.0917314738035202,"w":0.6406856775283814},"size":22.12831687927246,"orthographic":false}